Rk,Score,PtsW,PtsL
1,2-2,2,2
2,4-0,4,0
3,4-2,4,2
4,4-3,4,3
5,4-4,4,4
6,5-2,5,2
7,5-4,5,4
8,5-5,5,5
9,6-4,6,4
10,6-5,6,5
11,7-4,7,4
12,8-2,8,2
13,8-4,8,4
14,8-7,8,7
15,8-8,8,8
16,9-4,9,4
17,9-8,9,8
18,9-9,9,9
19,11-2,11,2
20,11-4,11,4
21,11-5,11,5
22,11-9,11,9
23,11-11,11,11
24,12-2,12,2
25,12-4,12,4
26,12-5,12,5
27,12-11,12,11
28,13-4,13,4
29,13-5,13,5
30,14-4,14,4
31,14-8,14,8
32,15-2,15,2
33,15-4,15,4
34,15-5,15,5
35,15-8,15,8
36,15-11,15,11
37,15-15,15,15
38,16-2,16,2
39,16-4,16,4
40,16-5,16,5
41,17-2,17,2
42,17-4,17,4
43,18-2,18,2
44,18-4,18,4
45,18-5,18,5
46,18-8,18,8
47,18-9,18,9
48,18-11,18,11
49,18-18,18,18
50,19-2,19,2
51,19-4,19,4
52,20-4,20,4
53,20-5,20,5
54,20-11,20,11
55,21-4,21,4
56,21-5,21,5
57,22-2,22,2
58,22-4,22,4
59,22-11,22,11
60,22-22,22,22
61,23-4,23,4
62,23-5,23,5
63,24-4,24,4
64,25-2,25,2
65,25-4,25,4
66,25-5,25,5
67,25-8,25,8
68,25-18,25,18
69,25-25,25,25
70,26-2,26,2
71,26-4,26,4
72,26-5,26,5
73,27-4,27,4
74,27-5,27,5
75,27-8,27,8
76,28-4,28,4
77,28-5,28,5
78,29-2,29,2
79,29-4,29,4
80,29-5,29,5
81,29-8,29,8
82,29-11,29,11
83,30-2,30,2
84,30-4,30,4
85,30-5,30,5
86,31-4,31,4
87,31-11,31,11
88,32-2,32,2
89,32-4,32,4
90,32-5,32,5
91,32-8,32,8
92,32-11,32,11
93,32-12,32,12
94,32-15,32,15
95,32-22,32,22
96,32-26,32,26
97,32-32,32,32
98,33-2,33,2
99,33-4,33,4
100,33-5,33,5
101,33-11,33,11
102,34-4,34,4
103,35-4,35,4
104,35-5,35,5
105,36-2,36,2
106,36-4,36,4
107,36-5,36,5
108,36-8,36,8
109,36-11,36,11
110,36-12,36,12
111,36-23,36,23
112,36-29,36,29
113,36-36,36,36
114,37-4,37,4
115,37-11,37,11
116,38-2,38,2
117,38-4,38,4
118,38-18,38,18
119,39-2,39,2
120,39-4,39,4
121,39-5,39,5
122,39-6,39,6
123,39-8,39,8
124,39-9,39,9
125,39-11,39,11
126,39-12,39,12
127,39-15,39,15
128,39-16,39,16
129,39-18,39,18
130,39-19,39,19
131,39-22,39,22
132,39-25,39,25
133,39-39,39,39
134,40-2,40,2
135,40-4,40,4
136,40-5,40,5
137,40-12,40,12
138,40-19,40,19
139,40-31,40,31
140,40-36,40,36
141,40-40,40,40
142,41-2,41,2
143,41-4,41,4
144,41-5,41,5
145,41-8,41,8
146,41-11,41,11
147,41-12,41,12
148,41-18,41,18
149,41-40,41,40
150,41-41,41,41
151,42-2,42,2
152,42-4,42,4
153,42-5,42,5
154,42-8,42,8
155,42-9,42,9
156,42-11,42,11
157,42-12,42,12
158,42-25,42,25
159,42-42,42,42
160,43-2,43,2
161,43-4,43,4
162,43-5,43,5
163,43-9,43,9
164,43-15,43,15
165,43-25,43,25
166,43-26,43,26
167,43-29,43,29
168,43-30,43,30
169,43-31,43,31
170,43-33,43,33
171,43-36,43,36
172,43-41,43,41
173,43-42,43,42
174,44-2,44,2
175,44-4,44,4
176,44-5,44,5
177,44-8,44,8
178,44-12,44,12
179,44-18,44,18
180,44-19,44,19
181,44-25,44,25
182,44-29,44,29
183,44-32,44,32
184,44-35,44,35
185,44-36,44,36
186,44-39,44,39
187,44-43,44,43
188,44-44,44,44
189,45-4,45,4
190,45-5,45,5
191,45-8,45,8
192,45-9,45,9
193,45-11,45,11
194,45-18,45,18
195,45-36,45,36
196,45-40,45,40
197,45-43,45,43
198,45-45,45,45
199,46-0,46,0
200,46-2,46,2
201,46-4,46,4
202,46-5,46,5
203,46-7,46,7
204,46-8,46,8
205,46-11,46,11
206,46-12,46,12
207,46-15,46,15
208,46-17,46,17
209,46-19,46,19
210,46-20,46,20
211,46-22,46,22
212,46-24,46,24
213,46-26,46,26
214,46-29,46,29
215,46-30,46,30
216,46-32,46,32
217,46-33,46,33
218,46-35,46,35
219,46-37,46,37
220,46-39,46,39
221,46-40,46,40
222,46-41,46,41
223,46-42,46,42
224,46-43,46,43
225,46-44,46,44
226,46-46,46,46
227,47-2,47,2
228,47-4,47,4
229,47-5,47,5
230,47-8,47,8
231,47-9,47,9
232,47-11,47,11
233,47-12,47,12
234,47-15,47,15
235,47-18,47,18
236,47-19,47,19
237,47-20,47,20
238,47-22,47,22
239,47-26,47,26
240,47-29,47,29
241,47-32,47,32
242,47-33,47,33
243,47-35,47,35
244,47-37,47,37
245,47-38,47,38
246,47-39,47,39
247,47-40,47,40
248,47-43,47,43
249,47-44,47,44
250,47-45,47,45
251,47-46,47,46
252,47-47,47,47
253,48-2,48,2
254,48-4,48,4
255,48-5,48,5
256,48-8,48,8
257,48-11,48,11
258,48-12,48,12
259,48-15,48,15
260,48-18,48,18
261,48-36,48,36
262,48-38,48,38
263,48-39,48,39
264,48-42,48,42
265,48-43,48,43
266,48-44,48,44
267,48-48,48,48
268,49-2,49,2
269,49-4,49,4
270,49-5,49,5
271,49-8,49,8
272,49-12,49,12
273,49-18,49,18
274,49-22,49,22
275,49-30,49,30
276,49-32,49,32
277,49-36,49,36
278,49-42,49,42
279,49-43,49,43
280,49-44,49,44
281,49-45,49,45
282,49-46,49,46
283,49-47,49,47
284,49-48,49,48
285,49-49,49,49
286,50-0,50,0
287,50-2,50,2
288,50-3,50,3
289,50-4,50,4
290,50-5,50,5
291,50-6,50,6
292,50-8,50,8
293,50-9,50,9
294,50-11,50,11
295,50-12,50,12
296,50-13,50,13
297,50-15,50,15
298,50-16,50,16
299,50-18,50,18
300,50-20,50,20
301,50-22,50,22
302,50-23,50,23
303,50-25,50,25
304,50-26,50,26
305,50-27,50,27
306,50-29,50,29
307,50-30,50,30
308,50-31,50,31
309,50-32,50,32
310,50-33,50,33
311,50-35,50,35
312,50-36,50,36
313,50-37,50,37
314,50-38,50,38
315,50-39,50,39
316,50-40,50,40
317,50-41,50,41
318,50-42,50,42
319,50-44,50,44
320,50-45,50,45
321,50-46,50,46
322,50-47,50,47
323,50-48,50,48
324,50-49,50,49
325,50-50,50,50
326,51-2,51,2
327,51-4,51,4
328,51-5,51,5
329,51-6,51,6
330,51-8,51,8
331,51-9,51,9
332,51-11,51,11
333,51-12,51,12
334,51-15,51,15
335,51-18,51,18
336,51-19,51,19
337,51-22,51,22
338,51-25,51,25
339,51-30,51,30
340,51-32,51,32
341,51-33,51,33
342,51-36,51,36
343,51-37,51,37
344,51-39,51,39
345,51-40,51,40
346,51-41,51,41
347,51-43,51,43
348,51-44,51,44
349,51-46,51,46
350,51-47,51,47
351,51-49,51,49
352,51-50,51,50
353,51-51,51,51
354,52-2,52,2
355,52-4,52,4
356,52-5,52,5
357,52-6,52,6
358,52-8,52,8
359,52-11,52,11
360,52-12,52,12
361,52-15,52,15
362,52-16,52,16
363,52-18,52,18
364,52-22,52,22
365,52-23,52,23
366,52-26,52,26
367,52-29,52,29
368,52-30,52,30
369,52-32,52,32
370,52-36,52,36
371,52-39,52,39
372,52-40,52,40
373,52-41,52,41
374,52-42,52,42
375,52-43,52,43
376,52-44,52,44
377,52-45,52,45
378,52-46,52,46
379,52-47,52,47
380,52-48,52,48
381,52-50,52,50
382,52-51,52,51
383,52-52,52,52
384,53-2,53,2
385,53-3,53,3
386,53-4,53,4
387,53-5,53,5
388,53-6,53,6
389,53-8,53,8
390,53-9,53,9
391,53-11,53,11
392,53-12,53,12
393,53-13,53,13
394,53-15,53,15
395,53-16,53,16
396,53-17,53,17
397,53-18,53,18
398,53-19,53,19
399,53-21,53,21
400,53-22,53,22
401,53-23,53,23
402,53-24,53,24
403,53-25,53,25
404,53-26,53,26
405,53-28,53,28
406,53-29,53,29
407,53-30,53,30
408,53-31,53,31
409,53-33,53,33
410,53-34,53,34
411,53-35,53,35
412,53-36,53,36
413,53-37,53,37
414,53-38,53,38
415,53-39,53,39
416,53-40,53,40
417,53-41,53,41
418,53-42,53,42
419,53-43,53,43
420,53-44,53,44
421,53-45,53,45
422,53-46,53,46
423,53-47,53,47
424,53-48,53,48
425,53-49,53,49
426,53-50,53,50
427,53-51,53,51
428,53-52,53,52
429,53-53,53,53
430,54-2,54,2
431,54-3,54,3
432,54-4,54,4
433,54-5,54,5
434,54-6,54,6
435,54-8,54,8
436,54-9,54,9
437,54-10,54,10
438,54-12,54,12
439,54-15,54,15
440,54-16,54,16
441,54-17,54,17
442,54-18,54,18
443,54-20,54,20
444,54-21,54,21
445,54-22,54,22
446,54-23,54,23
447,54-25,54,25
448,54-26,54,26
449,54-27,54,27
450,54-28,54,28
451,54-29,54,29
452,54-30,54,30
453,54-32,54,32
454,54-33,54,33
455,54-35,54,35
456,54-36,54,36
457,54-37,54,37
458,54-38,54,38
459,54-39,54,39
460,54-40,54,40
461,54-41,54,41
462,54-42,54,42
463,54-43,54,43
464,54-45,54,45
465,54-46,54,46
466,54-47,54,47
467,54-48,54,48
468,54-49,54,49
469,54-50,54,50
470,54-52,54,52
471,54-53,54,53
472,54-54,54,54
473,55-2,55,2
474,55-3,55,3
475,55-4,55,4
476,55-5,55,5
477,55-6,55,6
478,55-8,55,8
479,55-9,55,9
480,55-11,55,11
481,55-12,55,12
482,55-15,55,15
483,55-16,55,16
484,55-18,55,18
485,55-19,55,19
486,55-22,55,22
487,55-25,55,25
488,55-26,55,26
489,55-28,55,28
490,55-29,55,29
491,55-30,55,30
492,55-32,55,32
493,55-33,55,33
494,55-34,55,34
495,55-35,55,35
496,55-36,55,36
497,55-37,55,37
498,55-38,55,38
499,55-39,55,39
500,55-41,55,41
501,55-42,55,42
502,55-43,55,43
503,55-44,55,44
504,55-45,55,45
505,55-46,55,46
506,55-47,55,47
507,55-48,55,48
508,55-49,55,49
509,55-50,55,50
510,55-51,55,51
511,55-52,55,52
512,55-53,55,53
513,55-54,55,54
514,55-55,55,55
515,56-2,56,2
516,56-4,56,4
517,56-5,56,5
518,56-6,56,6
519,56-8,56,8
520,56-9,56,9
521,56-11,56,11
522,56-12,56,12
523,56-13,56,13
524,56-15,56,15
525,56-16,56,16
526,56-18,56,18
527,56-22,56,22
528,56-24,56,24
529,56-25,56,25
530,56-27,56,27
531,56-29,56,29
532,56-30,56,30
533,56-32,56,32
534,56-33,56,33
535,56-34,56,34
536,56-36,56,36
537,56-37,56,37
538,56-38,56,38
539,56-39,56,39
540,56-40,56,40
541,56-41,56,41
542,56-42,56,42
543,56-43,56,43
544,56-44,56,44
545,56-45,56,45
546,56-46,56,46
547,56-47,56,47
548,56-48,56,48
549,56-49,56,49
550,56-50,56,50
551,56-51,56,51
552,56-52,56,52
553,56-53,56,53
554,56-54,56,54
555,56-55,56,55
556,56-56,56,56
557,57-2,57,2
558,57-3,57,3
559,57-4,57,4
560,57-5,57,5
561,57-6,57,6
562,57-7,57,7
563,57-8,57,8
564,57-9,57,9
565,57-10,57,10
566,57-11,57,11
567,57-12,57,12
568,57-13,57,13
569,57-15,57,15
570,57-16,57,16
571,57-17,57,17
572,57-18,57,18
573,57-19,57,19
574,57-20,57,20
575,57-22,57,22
576,57-23,57,23
577,57-24,57,24
578,57-25,57,25
579,57-26,57,26
580,57-27,57,27
581,57-28,57,28
582,57-29,57,29
583,57-30,57,30
584,57-32,57,32
585,57-34,57,34
586,57-35,57,35
587,57-36,57,36
588,57-37,57,37
589,57-38,57,38
590,57-39,57,39
591,57-40,57,40
592,57-41,57,41
593,57-42,57,42
594,57-43,57,43
595,57-44,57,44
596,57-45,57,45
597,57-46,57,46
598,57-47,57,47
599,57-48,57,48
600,57-49,57,49
601,57-50,57,50
602,57-51,57,51
603,57-52,57,52
604,57-53,57,53
605,57-54,57,54
606,57-55,57,55
607,57-56,57,56
608,57-57,57,57
609,58-2,58,2
610,58-3,58,3
611,58-4,58,4
612,58-5,58,5
613,58-6,58,6
614,58-7,58,7
615,58-8,58,8
616,58-9,58,9
617,58-10,58,10
618,58-11,58,11
619,58-12,58,12
620,58-13,58,13
621,58-15,58,15
622,58-16,58,16
623,58-17,58,17
624,58-18,58,18
625,58-19,58,19
626,58-21,58,21
627,58-22,58,22
628,58-23,58,23
629,58-25,58,25
630,58-26,58,26
631,58-28,58,28
632,58-29,58,29
633,58-30,58,30
634,58-31,58,31
635,58-32,58,32
636,58-33,58,33
637,58-34,58,34
638,58-35,58,35
639,58-36,58,36
640,58-38,58,38
641,58-39,58,39
642,58-40,58,40
643,58-41,58,41
644,58-42,58,42
645,58-43,58,43
646,58-44,58,44
647,58-45,58,45
648,58-46,58,46
649,58-47,58,47
650,58-49,58,49
651,58-50,58,50
652,58-51,58,51
653,58-52,58,52
654,58-53,58,53
655,58-54,58,54
656,58-55,58,55
657,58-56,58,56
658,58-57,58,57
659,58-58,58,58
660,59-2,59,2
661,59-3,59,3
662,59-4,59,4
663,59-5,59,5
664,59-6,59,6
665,59-8,59,8
666,59-9,59,9
667,59-11,59,11
668,59-12,59,12
669,59-15,59,15
670,59-17,59,17
671,59-18,59,18
672,59-19,59,19
673,59-20,59,20
674,59-22,59,22
675,59-23,59,23
676,59-25,59,25
677,59-26,59,26
678,59-27,59,27
679,59-29,59,29
680,59-30,59,30
681,59-31,59,31
682,59-32,59,32
683,59-33,59,33
684,59-34,59,34
685,59-35,59,35
686,59-36,59,36
687,59-37,59,37
688,59-38,59,38
689,59-39,59,39
690,59-40,59,40
691,59-41,59,41
692,59-42,59,42
693,59-43,59,43
694,59-44,59,44
695,59-45,59,45
696,59-46,59,46
697,59-47,59,47
698,59-48,59,48
699,59-49,59,49
700,59-50,59,50
701,59-51,59,51
702,59-52,59,52
703,59-53,59,53
704,59-54,59,54
705,59-55,59,55
706,59-56,59,56
707,59-57,59,57
708,59-58,59,58
709,59-59,59,59
710,60-2,60,2
711,60-3,60,3
712,60-4,60,4
713,60-5,60,5
714,60-6,60,6
715,60-7,60,7
716,60-8,60,8
717,60-9,60,9
718,60-10,60,10
719,60-11,60,11
720,60-12,60,12
721,60-13,60,13
722,60-14,60,14
723,60-15,60,15
724,60-16,60,16
725,60-17,60,17
726,60-18,60,18
727,60-19,60,19
728,60-20,60,20
729,60-21,60,21
730,60-22,60,22
731,60-23,60,23
732,60-24,60,24
733,60-25,60,25
734,60-26,60,26
735,60-27,60,27
736,60-28,60,28
737,60-29,60,29
738,60-30,60,30
739,60-31,60,31
740,60-32,60,32
741,60-33,60,33
742,60-34,60,34
743,60-35,60,35
744,60-36,60,36
745,60-37,60,37
746,60-38,60,38
747,60-39,60,39
748,60-40,60,40
749,60-41,60,41
750,60-42,60,42
751,60-43,60,43
752,60-44,60,44
753,60-45,60,45
754,60-46,60,46
755,60-47,60,47
756,60-48,60,48
757,60-49,60,49
758,60-50,60,50
759,60-51,60,51
760,60-52,60,52
761,60-53,60,53
762,60-54,60,54
763,60-55,60,55
764,60-56,60,56
765,60-57,60,57
766,60-58,60,58
767,60-59,60,59
768,60-60,60,60
769,61-0,61,0
770,61-2,61,2
771,61-3,61,3
772,61-4,61,4
773,61-5,61,5
774,61-6,61,6
775,61-8,61,8
776,61-9,61,9
777,61-10,61,10
778,61-11,61,11
779,61-12,61,12
780,61-13,61,13
781,61-15,61,15
782,61-16,61,16
783,61-18,61,18
784,61-19,61,19
785,61-21,61,21
786,61-22,61,22
787,61-23,61,23
788,61-24,61,24
789,61-25,61,25
790,61-26,61,26
791,61-27,61,27
792,61-28,61,28
793,61-29,61,29
794,61-30,61,30
795,61-31,61,31
796,61-32,61,32
797,61-33,61,33
798,61-34,61,34
799,61-35,61,35
800,61-36,61,36
801,61-37,61,37
802,61-38,61,38
803,61-39,61,39
804,61-40,61,40
805,61-41,61,41
806,61-42,61,42
807,61-43,61,43
808,61-44,61,44
809,61-45,61,45
810,61-46,61,46
811,61-47,61,47
812,61-48,61,48
813,61-49,61,49
814,61-50,61,50
815,61-51,61,51
816,61-52,61,52
817,61-53,61,53
818,61-54,61,54
819,61-55,61,55
820,61-56,61,56
821,61-57,61,57
822,61-58,61,58
823,61-59,61,59
824,61-60,61,60
825,61-61,61,61
826,62-2,62,2
827,62-4,62,4
828,62-5,62,5
829,62-6,62,6
830,62-8,62,8
831,62-9,62,9
832,62-11,62,11
833,62-12,62,12
834,62-13,62,13
835,62-15,62,15
836,62-16,62,16
837,62-17,62,17
838,62-18,62,18
839,62-19,62,19
840,62-20,62,20
841,62-21,62,21
842,62-22,62,22
843,62-23,62,23
844,62-24,62,24
845,62-25,62,25
846,62-26,62,26
847,62-27,62,27
848,62-29,62,29
849,62-30,62,30
850,62-31,62,31
851,62-32,62,32
852,62-33,62,33
853,62-34,62,34
854,62-35,62,35
855,62-36,62,36
856,62-37,62,37
857,62-38,62,38
858,62-39,62,39
859,62-40,62,40
860,62-41,62,41
861,62-42,62,42
862,62-43,62,43
863,62-44,62,44
864,62-45,62,45
865,62-46,62,46
866,62-47,62,47
867,62-48,62,48
868,62-49,62,49
869,62-50,62,50
870,62-51,62,51
871,62-52,62,52
872,62-53,62,53
873,62-54,62,54
874,62-55,62,55
875,62-56,62,56
876,62-57,62,57
877,62-58,62,58
878,62-59,62,59
879,62-60,62,60
880,62-61,62,61
881,62-62,62,62
882,63-0,63,0
883,63-2,63,2
884,63-3,63,3
885,63-4,63,4
886,63-5,63,5
887,63-6,63,6
888,63-8,63,8
889,63-9,63,9
890,63-10,63,10
891,63-11,63,11
892,63-12,63,12
893,63-13,63,13
894,63-14,63,14
895,63-15,63,15
896,63-16,63,16
897,63-17,63,17
898,63-18,63,18
899,63-19,63,19
900,63-20,63,20
901,63-22,63,22
902,63-23,63,23
903,63-24,63,24
904,63-25,63,25
905,63-26,63,26
906,63-27,63,27
907,63-28,63,28
908,63-29,63,29
909,63-30,63,30
910,63-31,63,31
911,63-32,63,32
912,63-33,63,33
913,63-34,63,34
914,63-36,63,36
915,63-37,63,37
916,63-38,63,38
917,63-39,63,39
918,63-41,63,41
919,63-42,63,42
920,63-43,63,43
921,63-44,63,44
922,63-45,63,45
923,63-46,63,46
924,63-47,63,47
925,63-48,63,48
926,63-49,63,49
927,63-50,63,50
928,63-51,63,51
929,63-52,63,52
930,63-53,63,53
931,63-54,63,54
932,63-55,63,55
933,63-56,63,56
934,63-57,63,57
935,63-58,63,58
936,63-59,63,59
937,63-60,63,60
938,63-61,63,61
939,63-62,63,62
940,63-63,63,63
941,64-2,64,2
942,64-3,64,3
943,64-4,64,4
944,64-5,64,5
945,64-6,64,6
946,64-7,64,7
947,64-8,64,8
948,64-9,64,9
949,64-10,64,10
950,64-11,64,11
951,64-12,64,12
952,64-13,64,13
953,64-14,64,14
954,64-15,64,15
955,64-16,64,16
956,64-17,64,17
957,64-18,64,18
958,64-19,64,19
959,64-20,64,20
960,64-21,64,21
961,64-22,64,22
962,64-23,64,23
963,64-24,64,24
964,64-25,64,25
965,64-26,64,26
966,64-27,64,27
967,64-28,64,28
968,64-29,64,29
969,64-30,64,30
970,64-31,64,31
971,64-32,64,32
972,64-33,64,33
973,64-34,64,34
974,64-35,64,35
975,64-36,64,36
976,64-37,64,37
977,64-38,64,38
978,64-39,64,39
979,64-40,64,40
980,64-41,64,41
981,64-42,64,42
982,64-43,64,43
983,64-44,64,44
984,64-45,64,45
985,64-46,64,46
986,64-47,64,47
987,64-48,64,48
988,64-49,64,49
989,64-50,64,50
990,64-51,64,51
991,64-52,64,52
992,64-53,64,53
993,64-54,64,54
994,64-55,64,55
995,64-56,64,56
996,64-57,64,57
997,64-58,64,58
998,64-59,64,59
999,64-60,64,60
1000,64-61,64,61
1001,64-62,64,62
1002,64-63,64,63
1003,64-64,64,64
1004,65-0,65,0
1005,65-2,65,2
1006,65-3,65,3
1007,65-4,65,4
1008,65-5,65,5
1009,65-6,65,6
1010,65-7,65,7
1011,65-8,65,8
1012,65-9,65,9
1013,65-10,65,10
1014,65-11,65,11
1015,65-12,65,12
1016,65-13,65,13
1017,65-14,65,14
1018,65-15,65,15
1019,65-16,65,16
1020,65-17,65,17
1021,65-18,65,18
1022,65-19,65,19
1023,65-21,65,21
1024,65-22,65,22
1025,65-23,65,23
1026,65-25,65,25
1027,65-26,65,26
1028,65-27,65,27
1029,65-28,65,28
1030,65-29,65,29
1031,65-30,65,30
1032,65-31,65,31
1033,65-32,65,32
1034,65-33,65,33
1035,65-34,65,34
1036,65-35,65,35
1037,65-36,65,36
1038,65-37,65,37
1039,65-38,65,38
1040,65-39,65,39
1041,65-40,65,40
1042,65-41,65,41
1043,65-42,65,42
1044,65-43,65,43
1045,65-44,65,44
1046,65-45,65,45
1047,65-46,65,46
1048,65-47,65,47
1049,65-48,65,48
1050,65-49,65,49
1051,65-50,65,50
1052,65-51,65,51
1053,65-52,65,52
1054,65-53,65,53
1055,65-54,65,54
1056,65-55,65,55
1057,65-56,65,56
1058,65-57,65,57
1059,65-58,65,58
1060,65-59,65,59
1061,65-60,65,60
1062,65-61,65,61
1063,65-62,65,62
1064,65-63,65,63
1065,65-64,65,64
1066,65-65,65,65
1067,66-2,66,2
1068,66-3,66,3
1069,66-4,66,4
1070,66-5,66,5
1071,66-6,66,6
1072,66-7,66,7
1073,66-8,66,8
1074,66-9,66,9
1075,66-10,66,10
1076,66-11,66,11
1077,66-12,66,12
1078,66-13,66,13
1079,66-15,66,15
1080,66-16,66,16
1081,66-17,66,17
1082,66-18,66,18
1083,66-19,66,19
1084,66-20,66,20
1085,66-21,66,21
1086,66-22,66,22
1087,66-23,66,23
1088,66-24,66,24
1089,66-25,66,25
1090,66-26,66,26
1091,66-27,66,27
1092,66-28,66,28
1093,66-29,66,29
1094,66-30,66,30
1095,66-31,66,31
1096,66-32,66,32
1097,66-33,66,33
1098,66-34,66,34
1099,66-35,66,35
1100,66-36,66,36
1101,66-37,66,37
1102,66-38,66,38
1103,66-39,66,39
1104,66-40,66,40
1105,66-41,66,41
1106,66-42,66,42
1107,66-43,66,43
1108,66-44,66,44
1109,66-45,66,45
1110,66-46,66,46
1111,66-47,66,47
1112,66-48,66,48
1113,66-49,66,49
1114,66-50,66,50
1115,66-51,66,51
1116,66-52,66,52
1117,66-53,66,53
1118,66-54,66,54
1119,66-55,66,55
1120,66-56,66,56
1121,66-57,66,57
1122,66-58,66,58
1123,66-59,66,59
1124,66-60,66,60
1125,66-61,66,61
1126,66-62,66,62
1127,66-63,66,63
1128,66-64,66,64
1129,66-65,66,65
1130,66-66,66,66
1131,67-0,67,0
1132,67-2,67,2
1133,67-3,67,3
1134,67-4,67,4
1135,67-5,67,5
1136,67-6,67,6
1137,67-7,67,7
1138,67-8,67,8
1139,67-9,67,9
1140,67-10,67,10
1141,67-11,67,11
1142,67-12,67,12
1143,67-13,67,13
1144,67-14,67,14
1145,67-15,67,15
1146,67-16,67,16
1147,67-17,67,17
1148,67-18,67,18
1149,67-19,67,19
1150,67-20,67,20
1151,67-21,67,21
1152,67-22,67,22
1153,67-23,67,23
1154,67-24,67,24
1155,67-25,67,25
1156,67-26,67,26
1157,67-27,67,27
1158,67-28,67,28
1159,67-29,67,29
1160,67-30,67,30
1161,67-31,67,31
1162,67-32,67,32
1163,67-33,67,33
1164,67-34,67,34
1165,67-35,67,35
1166,67-36,67,36
1167,67-37,67,37
1168,67-38,67,38
1169,67-39,67,39
1170,67-40,67,40
1171,67-41,67,41
1172,67-42,67,42
1173,67-43,67,43
1174,67-44,67,44
1175,67-45,67,45
1176,67-46,67,46
1177,67-47,67,47
1178,67-48,67,48
1179,67-49,67,49
1180,67-50,67,50
1181,67-51,67,51
1182,67-52,67,52
1183,67-53,67,53
1184,67-54,67,54
1185,67-55,67,55
1186,67-56,67,56
1187,67-57,67,57
1188,67-58,67,58
1189,67-59,67,59
1190,67-60,67,60
1191,67-61,67,61
1192,67-62,67,62
1193,67-63,67,63
1194,67-64,67,64
1195,67-65,67,65
1196,67-66,67,66
1197,67-67,67,67
1198,68-0,68,0
1199,68-2,68,2
1200,68-3,68,3
1201,68-4,68,4
1202,68-5,68,5
1203,68-6,68,6
1204,68-7,68,7
1205,68-8,68,8
1206,68-9,68,9
1207,68-10,68,10
1208,68-11,68,11
1209,68-12,68,12
1210,68-13,68,13
1211,68-14,68,14
1212,68-15,68,15
1213,68-16,68,16
1214,68-17,68,17
1215,68-18,68,18
1216,68-19,68,19
1217,68-20,68,20
1218,68-21,68,21
1219,68-22,68,22
1220,68-23,68,23
1221,68-24,68,24
1222,68-25,68,25
1223,68-26,68,26
1224,68-27,68,27
1225,68-28,68,28
1226,68-29,68,29
1227,68-30,68,30
1228,68-31,68,31
1229,68-32,68,32
1230,68-33,68,33
1231,68-34,68,34
1232,68-35,68,35
1233,68-36,68,36
1234,68-37,68,37
1235,68-38,68,38
1236,68-39,68,39
1237,68-40,68,40
1238,68-41,68,41
1239,68-42,68,42
1240,68-43,68,43
1241,68-44,68,44
1242,68-45,68,45
1243,68-46,68,46
1244,68-47,68,47
1245,68-48,68,48
1246,68-49,68,49
1247,68-50,68,50
1248,68-51,68,51
1249,68-52,68,52
1250,68-53,68,53
1251,68-54,68,54
1252,68-55,68,55
1253,68-56,68,56
1254,68-57,68,57
1255,68-58,68,58
1256,68-59,68,59
1257,68-60,68,60
1258,68-61,68,61
1259,68-62,68,62
1260,68-63,68,63
1261,68-64,68,64
1262,68-65,68,65
1263,68-66,68,66
1264,68-67,68,67
1265,68-68,68,68
1266,69-0,69,0
1267,69-2,69,2
1268,69-3,69,3
1269,69-4,69,4
1270,69-5,69,5
1271,69-6,69,6
1272,69-7,69,7
1273,69-8,69,8
1274,69-9,69,9
1275,69-10,69,10
1276,69-11,69,11
1277,69-12,69,12
1278,69-13,69,13
1279,69-14,69,14
1280,69-15,69,15
1281,69-16,69,16
1282,69-17,69,17
1283,69-18,69,18
1284,69-19,69,19
1285,69-20,69,20
1286,69-21,69,21
1287,69-22,69,22
1288,69-23,69,23
1289,69-24,69,24
1290,69-25,69,25
1291,69-26,69,26
1292,69-27,69,27
1293,69-28,69,28
1294,69-29,69,29
1295,69-30,69,30
1296,69-31,69,31
1297,69-32,69,32
1298,69-33,69,33
1299,69-34,69,34
1300,69-35,69,35
1301,69-36,69,36
1302,69-37,69,37
1303,69-38,69,38
1304,69-39,69,39
1305,69-40,69,40
1306,69-41,69,41
1307,69-42,69,42
1308,69-43,69,43
1309,69-44,69,44
1310,69-45,69,45
1311,69-46,69,46
1312,69-47,69,47
1313,69-48,69,48
1314,69-49,69,49
1315,69-50,69,50
1316,69-51,69,51
1317,69-52,69,52
1318,69-53,69,53
1319,69-54,69,54
1320,69-55,69,55
1321,69-56,69,56
1322,69-57,69,57
1323,69-58,69,58
1324,69-59,69,59
1325,69-60,69,60
1326,69-61,69,61
1327,69-62,69,62
1328,69-63,69,63
1329,69-64,69,64
1330,69-65,69,65
1331,69-66,69,66
1332,69-67,69,67
1333,69-68,69,68
1334,69-69,69,69
1335,70-0,70,0
1336,70-2,70,2
1337,70-3,70,3
1338,70-4,70,4
1339,70-5,70,5
1340,70-6,70,6
1341,70-7,70,7
1342,70-8,70,8
1343,70-9,70,9
1344,70-10,70,10
1345,70-11,70,11
1346,70-12,70,12
1347,70-13,70,13
1348,70-14,70,14
1349,70-15,70,15
1350,70-16,70,16
1351,70-17,70,17
1352,70-18,70,18
1353,70-19,70,19
1354,70-21,70,21
1355,70-22,70,22
1356,70-23,70,23
1357,70-24,70,24
1358,70-25,70,25
1359,70-26,70,26
1360,70-28,70,28
1361,70-29,70,29
1362,70-30,70,30
1363,70-31,70,31
1364,70-32,70,32
1365,70-33,70,33
1366,70-34,70,34
1367,70-35,70,35
1368,70-36,70,36
1369,70-37,70,37
1370,70-38,70,38
1371,70-39,70,39
1372,70-40,70,40
1373,70-41,70,41
1374,70-42,70,42
1375,70-43,70,43
1376,70-44,70,44
1377,70-45,70,45
1378,70-46,70,46
1379,70-47,70,47
1380,70-48,70,48
1381,70-49,70,49
1382,70-50,70,50
1383,70-51,70,51
1384,70-52,70,52
1385,70-53,70,53
1386,70-54,70,54
1387,70-55,70,55
1388,70-56,70,56
1389,70-57,70,57
1390,70-58,70,58
1391,70-59,70,59
1392,70-60,70,60
1393,70-61,70,61
1394,70-62,70,62
1395,70-63,70,63
1396,70-64,70,64
1397,70-65,70,65
1398,70-66,70,66
1399,70-67,70,67
1400,70-68,70,68
1401,70-69,70,69
1402,70-70,70,70
